[
  {
    "name": "Sachin Ramesh Tendulkar",
    "id": "1",
    "photo": "http://p.imgci.com/db/PICTURES/CMS/128400/128483.1.jpg",
    "runs": "34347"
  },
  {
    "name": "Rahul Sharad Dravid",
    "id": "2",
    "photo": "http://p.imgci.com/db/PICTURES/CMS/108400/108439.1.jpg",
    "runs": "24177"
  },
  {
    "name": "Sourav Chandidas Ganguly",
    "id": "3",
    "photo": "http://p.imgci.com/db/PICTURES/CMS/92300/92389.1.jpg",
    "runs": "18575"
  },
  {
    "name": "Brian Charles Lara",
    "id": "4",
    "photo": "http://p.imgci.com/db/PICTURES/CMS/66100/66199.1.jpg",
    "runs": "22358"
  },
  {
    "name": "Yuvraj Singh",
    "id": "5",
    "photo": "http://p.imgci.com/db/PICTURES/CMS/202600/202671.1.jpg",
    "runs": "10601"
  },
  {
    "name": "Virat Kohli",
    "id": "6",
    "photo": "http://p.imgci.com/db/PICTURES/CMS/263600/263697.20.jpg",
    "runs": "14503"
  },
  {
    "name": "Ricky Thomas Ponting",
    "id": "7",
    "photo": "http://p.imgci.com/db/PICTURES/CMS/202600/202613.1.jpg",
    "runs": "27082"
  },
  {
    "name": "Jacques Henry Kallis",
    "id": "8",
    "photo": "http://p.imgci.com/db/PICTURES/CMS/203100/203133.1.jpg",
    "runs": "24868"
  },
  {
    "name": "Mahendra Singh Dhoni",
    "id": "9",
    "photo": "http://p.imgci.com/db/PICTURES/CMS/263700/263705.20.jpg",
    "runs": "15583"
  },
  {
    "name": "Vangipurappu Venkata Sai Laxman",
    "id": "10",
    "photo": "http://p.imgci.com/db/PICTURES/CMS/92300/92394.1.jpg",
    "runs": "11119"
  }
]
